Fyour,Kund,Marknad,Kunds domän,Kategori,Budget,Snitt,Kommentar,Contentriktlinjer ,Status,Ansvarig,TargetURL,Keyword,Dashboard,Korrekturkrav,
1,Acnespecialisten,SE,acnespecialisten.se,"Premium, Bulk","10,000.00 kr",,,,Canceled,,,,,,
2,Aerius Ventilation,SE,aerius.se,Premium,"10,000.00 kr",,"""Ventilation
Självdrag
FTX system
FTX ventilation
ventilation gamla hus
frånluftsfläkt tak
OVK besiktning
Ventilation uppsala
Ventilation västerås
ventilationsrengöring uppsala
ventilationsrengöring västerås""",,Canceled,,,,,,
103,4him4her,"SE, DK",https://www.4him4her.com/sv-se,Premium,"$2,000.00",,Danmark & Sverige,,Active,Matilda,"1. https://www.4him4her.com/sv-se
2. https://www.4him4her.com/da-dk
3. https://www.4him4her.com/","1. Kosttilskott
2. kosttillskud
3. brand",,FALSE,
4,Cdbilvård,SE,cdbilvard.se,Bulk,"5,000.00 kr",,,,Canceled,,,,,,
5,A Retro Tale,UK,aretrotale.com ,Premium,"10,000.00 kr",,HIgh rating on the site,,Active,,,,,FALSE,
6,Dryft,SE,dryft.se,Beställning,"16,000.00 kr",,"Specialbeställningar framöver, noggrann",,Canceled,,,,,,
7,Ekström & Garay,SE,ekstromgaray.se,Premium,"12,000.00 kr",,Pausad fram tills att fakturan är betald,,Canceled,,,,,,
8,Arctic,"SE, DE",arctic.se,Bulk,"16,000.00 kr",,(bara tyskland),,Active,,"1. https://arctic.se/se/forsakringslosningar/svensksolenergi/
2. https://arctic.se/nibe-warmepumpe-versicherung/","1. Försäkring solceller
2. wärmepumpenversicherung",,FALSE,
82,Bergets-Ro,SE,Bergetsro.se,Premium,"10,000.00 kr",,Fokus på de mindre lokala områdena som sundbyberg. Kika på deras hemsida,,Active,Matilda,,,,FALSE,
10,OptiOne,SE,optione.se,Bulk,"3,000.00 kr",,Ampillo,,Canceled,,,,,,
11,Optitech Sverige,SE,optitech-sverige.se  ,Premium,"8,000.00 kr",,Ligger efter med fakturor,,Canceled,,,,,,
12,Bethard,SE,bethard.com/sv,Premium,"70,000.00 kr",,"Fokus på /sports (kan vara specifika sporter som undersidor). Fokus på betting inte casino, viktigt att vi ger bra sajter",,Active,Sandahl,sökordsutdrag från ahrefs inom betting & sport,,,FALSE,
13,Chattanoogarehab,US,chattanoogarehab.com,Premium,"$2,750.00",,"shockwave therapy machine, shockwave machine, shockwave therapy device, Hot packs, cold packs, brand",,Active,,"1. www.chattanoogarehab.com/shock-wave-rpw
2. www.chattanoogarehab.com/us/hot-cold/hot-cold-packs
3. http://www.chattanoogarehab.com/us","1. shockwave therapy machine, shockwave machine, shockwave therapy device
2. Hot packs, cold packs
3. brand",,FALSE,
14,Seniorabatt,SE,seniorrabatt.se,Bulk,"3,000.00 kr",,liten budget,,Canceled,,,,,,
15,Cherry,SE,cherry.com/sv,Premium,"30,000.00 kr",,"Fritt val, fokus på spelklubben ett tag",,Active,Sandahl,Fritt fram,Fritt fram (fritt val),,FALSE,
110,comfydence.se,SE,comfydence.se,Premium,"10,000.00 kr",,"När det gäller det content ni skapar kan det vara viktigt att inte ta upp
Att trosorna kan användas vid inkontinens (det är juridiskt inte ok)
Alla fomuleringar som uppfattas som medicinska.
Att trosornas funktion är bättre än engångsskydd (kan vara känsligt hur man formulerar)
Däremot är det bra att skapa content både kring kategorierna menstrosor och kring badkläder / bikini för bad (där vi har relativt lite konkurrens)

","När det gäller det content ni skapar kan det vara viktigt att inte ta upp
Att trosorna kan användas vid inkontinens (det är juridiskt inte ok)
Alla fomuleringar som uppfattas som medicinska.
Att trosornas funktion är bättre än engångsskydd (kan vara känsligt hur man formulerar)
Däremot är det bra att skapa content både kring kategorierna menstrosor och kring badkläder / bikini för bad (där vi har relativt lite konkurrens",Canceled,Matilda,"1. https://comfydence.se/collections/menstrosor
2. https://comfydence.se/collections/badtrosor","1. menstrosor
2. menstrosor för bad",,TRUE,
17,Crystal Beverage Company,US,myownwater.com,Premium,"27,500.00 kr",,Aluminum bottled water,,Active,,1. https://www.myownwater.com/,1. custom bottled water,,FALSE,
93,D-Bet,SE,dbet.com,Premium,"€4,000.00",,Fokus på casino & betting - inte poker,"Får nämna betting
Får inte nämna poker
Fokus på casino",Active,,"https://www.dbet.com/mobile/
https://www.dbet.com/mobile/sports/#/overview/
https://www.dbet.com/mobile/sports/#/live","betting, sportsbetting, odds, betting och odds, betting på sport",,TRUE,
19,Discountsover60,UK,discountsover60.co.uk,Premium,"3,000.00 kr",,Låg budget,,Paused,,,,,FALSE,
20,Distansinstitutet,SE,distansinstitutet.se,Premium,"20,000.00 kr",,Lagt över budget till wellio för tillfället. Pedagogik & Distansutbildning,,Active,Sandahl,"1. distansinstitutet.se
2. distansinstitutet.se/distansutbildningar/pedagogik/","1. distansutbildning
2. barnskötare, kurator, terapeut, lärarassistent",,FALSE,
115,Epidemic Sounds,SE,https://www.epidemicsound.com/,Premium,"43,000.00 kr",,https://docs.google.com/spreadsheets/d/1IfJE7s-TKfifWEA2xVeVvdZBLZfijaifte6gzoWtLvo/edit?usp=sharing,,Active,Jacob,,,,FALSE,Latinamerikanska länkar
22,Fair Investments,SE,fairinvestments.se,Premium,"52,500.00 kr",,"Skjut ner SSG, behöver fokusera mer på det kommande månader",,Active,Sandahl,,,,FALSE,
23,Flax Casino,SE,flaxcasino.se,Premium,"€4,000.00",,"Prioritera dyrare och färre sajter, sponsored är ok",,Active,Sandahl,sökordsutdrag från ahrefs,,,FALSE,
24,Hajper.com,SE,hajper.com/sv,Premium,"30,000.00 kr",,"Alltid en från Stampen
Index (får kör /sports vid relevans)
Alltid casinofokus i artiklar
Fokus på main phrase keyword med relaterade sökord
Redaktionella domäner

Lägger vi extra fokus på content & Jacob är kontaktperson",Fler än 1 trustlink per artikel (2–3 st),Active,Jacob,,,https://lookerstudio.google.com/reporting/d716f543-0246-4c27-ac12-2d9de13d8d98,TRUE,
25,Vardagsfrid,SE,vardagsfrid.se,Premium,"20,000.00 kr",,,,Canceled,,,,,,
26,Happy Casino,SE,happycasino.se,Premium,"€4,000.00",,"Prioritera dyrare och färre sajter, sponsored är ok",,Active,Sandahl,sökordsutdrag från ahrefs,,,FALSE,
27,Himala.ai,US,Himala.ai,Premium,"€3,000.00",,DR  i dashboarden & fousera på länkar med hög DR,,Active,Jacob,,,,FALSE,
28,Jakt.se,SE,jakt.se,"Bulk, Premium","16,000.00 kr",,,,Active,Sandahl,"1. hund.se/koppel-selar-och-halsband
2. hund.se/hundgodis 
3. hund.se/leksaker-1   
4. https://www.hund.se/v%C3%A4rmet%C3%A4cke","1. hundkoppel, hundsele, hundhalsband
2. hundgodis
3, hundleksaker
4. hundtäcke, värmetäcke hund",,FALSE,
108,Indoorprofessional,SE,https://www.indoorprofessional.se/,Premium,"10,000.00 kr",,Ankare: städfirma stockholm,,Active,,1. https://www.indoorprofessional.se/,1. städfirma stockholm,,FALSE,
30,Kelleher International,US,kelleher-international.com,Premium,"15,000.00 kr",,"Ingen kundkontakt
(Bara USA)",,Active,,"1. https://kelleher-international.com/
2. https://kelleher-international.com/professional-matchmaking-for-men/","1. Kelleher International
2. proffessional matchmaking service",,FALSE,
31,Kleer,SE,kleer.se,Premium,"18,000.00 kr",,lönesystem & ekonomisystem,,Active,Sandahl,"1. https://www.kleer.se/finance-as-a-service/faktureringsprogram/
2. https://www.kleer.se/finance-as-a-service/bokforingsprogram/
3. https://www.kleer.se/lonesystem/","1. faktureringsprogram, skapa faktura, fakturering, fakturahantering, automatiserad fakturahantering, fakturering program
2. bokföringsprogram, gratis bokföringsprogram, automatiserad bokföring,
bokföring online, bokföringsprogram aktiebolag
3. lönesystem, lönebyrå, lönesystem sverige, byta lönesystem",,FALSE,
96,Kungaslottet,SE,kungaslottet.se,Premium,"€3,000.00",,"Fokus på casino, specifikt jackpots – inte poker","Fokus på casino, mer specifikt jackpots
Får inte nämna betting
Får inte nämna poker",Active,,"https://www.kungaslottet.com/sv/mobile/
https://www.kungaslottet.com/sv/mobile/casino/
https://www.kungaslottet.com/sv/mobile/jackpots/
https://www.kungaslottet.com/sv/mobile/live-casino/","casino, casino online, online casino, casino på nätet, casinospel, live casino, live casino med riktiga dealers",,TRUE,
33,KvarnX,FI,kvarnx.se,Premium,"40,000.00 kr",,3 månader fram FOM Juli - Finland,,Active,,"1. https://www.kvarnx.com/bitcoin
2. https://www.kvarnx.com/bitcoin-kurssi
3. https://www.kvarnx.com/kryptovaluutta
","1. btc, biitcoin, sijoita bitcoin
2. bitcoin kurssi, bitcoinin arvo
3. kryptovaluutta, osta kryptovaluuttaa, kryptovaluutat ",,FALSE,
34,Lansfast,SE,lansfast.se,Bulk,"5,000.00 kr",,Mäklare nyköping,,Active,,1. https://www.lansfast.se/maklare/sodermanland/trosa/,1. Mäklare nyköping,,FALSE,
35,Jour Eliten,SE,joureliten.se,Premium,"16,000.00 kr",,,,Canceled,,,,,FALSE,
36,Coface,"SE, DK, NO, FI","Coface.se, coface.no, coface.dk, coface.fi",Premium,"48,000.00 kr",,"Inte nämna varumärke - DR 20+ 100+ i traffik, Justera URL varje månad",,Canceled,,,,,,
37,Cateringfabriken.se,SE,cateringfabriken.se,Premium,"10,000.00 kr",,catering Stockholm,,Canceled,,,,,,
38,Casinogringo,SE,casinogringos.se,Beställning,"70,000.00 kr",,Journalistiskt innehåll,,Canceled,,,,,,
39,Låsjouren,SE,svenskalasjouren.se,Premium,"16,000.00 kr",,Värm upp kunden,,Canceled,,,,,,
40,Rörjour247,SE,rorjour247.se,Premium,"16,000.00 kr",,Värm upp kunden,,Canceled,,,,,,
86,Leaptodigital,US,leaptodigital.com,Premium,"$2,000.00",,roofin crm & brand,,Active,,"1. https://leaptodigital.com
2. https://leaptodigital.com/roofing-crm","1. Leaptodigital
2. Roofing CRM",,FALSE,
42,Leovegas,SE,leovegas.se,"Premium, Beställning",-,,Beställer i eget dokument (Albin ensam ansvarig),,Active,,,,,TRUE,
79,Lilla-Världen,SE,www.lilla-varlden.se,"Premium, Bulk","10,000.00 kr",,"för lilla-varlden.se länkar till startsidan för att stärka DR, sen undersidor och ankare är barnvagn https://www.lilla-varlden.se/collections/barnvagnar
& barnstol https://www.lilla-varlden.se/collections/barnstolar

dessa också : 
Barnvagnar: https://www.lilla-varlden.se/collections/barnvagnar
Barnstolar: https://www.lilla-varlden.se/collections/barnstolar
Babynest: https://www.lilla-varlden.se/collections/babynest
Barnsäkerhet: https://www.lilla-varlden.se/collections/barnsakerhet
Babygym: https://www.lilla-varlden.se/collections/babygym
Babysitter: https://www.lilla-varlden.se/collections/babysitter
Barnsängar: https://www.lilla-varlden.se/collections/barnsang
Gravidkudde: https://www.lilla-varlden.se/collections/gravidkudde
Gravid & Amning: https://www.lilla-varlden.se/collections/gravid-amning",,Active,Matilda,"1. https://www.lilla-varlden.se/collections/barnstolar
2. https://www.lilla-varlden.se/collections/barnvagnar 
3. https://www.lilla-varlden.se/collections/babynest
4. https://www.lilla-varlden.se/collections/barnsakerhet
5. https://www.lilla-varlden.se/collections/babygym
6. https://www.lilla-varlden.se/collections/babysitter
7. https://www.lilla-varlden.se/collections/barnsang
8. https://www.lilla-varlden.se/collections/gravidkudde
9. https://www.lilla-varlden.se/collections/gravid-amning","1. barnstolar
2. barnvagnar
3. babynest
4. Barnsäkerhet
5. babygym
6. babysitter
7. barnsängar
8. gravidkudde
9. Gravid & Amning",,FALSE,
92,LSB,SE,lsb.se,Premium,"105,000.00 kr",,LSB första månaden skjuter vi mot index med ankare brand & lån. Därefter gör vi databedrivet beslut och ser vilka sidor vi kan fokusera mer på,Får inte skriva om lån som ett verktyg för att investera i aktier eller i sitt  eget företag. Inte nämna bolån.,Active,Jacob,,"1. Lån & Spar Bank
2. Privatlån",https://lookerstudio.google.com/reporting/0d9ea3ba-11a3-4b23-abc4-bdd03837af1c,TRUE,
45,Oljedroppen.se,SE,oljedroppen.se,,-,,,,Canceled,,,,,,
46,Lucky Casino,SE,luckycasino.com/sv,Premium,"€4,000.00",,"Prioritera dyrare och färre sajter, sponsored är ok",,Active,Sandahl,sökordsutdrag från ahrefs,,,FALSE,
47,Pontech,SE,pontechmarina.se,Premium,"15,000.00 kr",,,,Canceled,,,,,,
48,Pontonhamnar,SE,pontonhamnar.se,,-,,,,Canceled,,,,,,
49,Snuset,SE,snuset.se,Premium,"22,500.00 kr",,"inget sponsrat, skriver content själva",,Canceled,,,,,,
50,Nettotobak,SE,nettotobak.com ,Premium,"40,000.00 kr",,"INTE SPONSRAT INLÄGG
snus online, billigt snus, snus på nätet, köpa snus etc) är absolut viktigaste för Nettotobak. Därefter följer Velo, Velo snus, XQS, ZYN, Vitt snus, Loop snus.
Inte nämna varumärke. nettotobak.com
nettotobak.com/velo/
nettotobak.com/tobaksfritt-snus/ - SIDA FINNS INTE evt nettotobak.com/all-white-portion/
nettotobak.com/loop/ nettotobak.com/xqs/ nettotobak.com/snus/nikotinfritt-snus/koffein-snus/
nettotobak.com/siberia/
nettotobak.com/zyn/
Ankare: Snus - Index Snus online - index billigt snus - Index",,Canceled,,,,,,
104,Mäklarringen,SE,maklarringen.se,Premium,,,Köper länkar för det vi beställer av dem,,Active,,1. maklarringen.se,1. mäklare i stockholm,,FALSE,
52,Tiger Of Sweden,SE,tigerofsweden.se,Premium,"24,000.00 kr",,herrkostymer,,Active,,,,,,
53,Upplevelse.com,SE,upplevelse.com,Premium,"40,000.00 kr",,Present till pojkvänn är största fokus,,Canceled,,,,,,
98,Megariches,"UK, SE, DK",megariches.com,Premium,"€6,000.00",,"€3000 Sverige, €1000 UK, €2000 DK. Fokus på casino, specifikt ""pay and play"", ""No registration casino"", ""bank id casino"", ""swish casino"", ""trustly casino"" INTE POKER","Får inte nämna poker
Får inte nämna betting
Fokus på casino, specifikt ""pay and play"", ""No registration casino"", ""bank id casino"", ""swish casino"", ""trustly casino""",Active,,"https://www.megariches.com/sv/mobile/
https://www.megariches.com/sv/mobile/casino/
https://www.megariches.com/sv/mobile/live-casino/
https://www.megariches.com/sv/mobile/jackpots/","pay and play casino, no registration casino, bank id casino, swish casino, trustly casino",,TRUE,
55,Svenskafonster,SE,svenskafonster.se,Premium,"45,000.00 kr",,"""svenskafonster.se/
svenskafonster.se/altandorr
svenskafonster.se/skjutdorr
svenskafonster.se/trafonster
svenskafonster.se/aluminiumfonster""",,Canceled,,,,,,
56,Mockfjärds,SE,mockfjards.se,Premium,"50,000.00 kr",,Fokus på fönsterbyten och fönster,,Canceled,,,,,,
57,Petster.se,SE,petster.se,Premium,"18,000.00 kr",,Vill läsa igenom content,,Canceled,,,,,,
58,Ataraxia,SE,ataraxia.se,"Bulk, Premium","5,000.00 kr",,,,Canceled,,,,,,
59,CDG,US,cg.io,Premium,"16,000.00 kr",,,,Canceled,,,,,,
109,Merchoteket,SE,merchoteket.se,Premium,"10,000.00 kr",,"rolig t shirt
meme t shirt
merch
roliga kepsar
roliga t shirt
roliga hoodies
roliga muggar
roliga mössor







",,Active,Sandahl,"1. https://merchoteket.se/collections/t-shirts
2. https://merchoteket.se/
3. https://merchoteket.se/collections/kepsar
4. https://merchoteket.se/collections/hoodies
5. https://merchoteket.se/collections/muggar
6. https://merchoteket.se/collections/mossor-1","1. rolig tshirt, meme t shirt, roliga t shirt
3. merch
4. roliga kepsar
5. roliga hoodies
6. roliga muggar
7. roliga mössor
",,FALSE,
61,MrNicco,SA,mrnicco.com,Premium,"10,000.00 kr",,,,Canceled,,,,,,
62,Nodeposit,US,nodeopsitbonus.cc,Premium,-,,"5000 organic trafic minimum, want to controll read before publishing",,Canceled,,,,,,
63,Michaelofrisorerna,SE,michaelofrisorerna.se,"Bulk, Premium","4,000.00 kr",,Frisör södermalm,,Active,Matilda,1. michaelofrisorerna.se,1. frisör södermalm,,FALSE,
64,Kamux,FI,kamux.fi,Premium,"15,000.00 kr",,CLIENT WANT TO CONTROL READ CONTENT BEFORE PUBLISHING,,Canceled,,,,,,
94,Minifinder,SE,minifinder.se,Premium,"20,000.00 kr",,"Försök få GPS tracker att indexera på deras svenska sida
Hundpejl
Elektronisk körjournal/Digital körjournal/körjournal
Trygghetslarm/Mobilt trygghetslarm
Personlarm",,Active,Matilda,"1. minifinder.se
2. https://minifinder.se/tjanster/kategori/jakt
3. https://minifinder.se/tjanster/kategori/elektronisk-korjournal
4. https://minifinder.se/tjanster/kategori/trygghetslarm","1. GPS tracker
2. Hundpejl
3. Elektronisk körjournal, Digital körjournal, körjournal
4. Trygghetslarm,Mobilt trygghetslarm, personlarm
",,TRUE,
97,MrVegas,"UK, SE",mrvegas.com,Premium,"€8,000.00",,"€7000 Sverige, €1000 UK. Fokus på casino, specifikt jackpots  - inte poker","Fokus på jackpots
Får inte nämna poker
Får inte nämna betting",Active,,"1. https://www.mrvegas.com/sv/casino/
2. https://www.mrvegas.com/sv/jackpots/","Casino
Jackpots, jackpot",,TRUE,
67,Clearfuze,US,cleafuze.com,Premium,,,,,Canceled,,,,,,
68,"Racha Organics, Inc",US,amazon.com/Racha-Organics-Sriracha-Sauce-Certified/dp/B0CYLCC464,Premium,"15,000.00 kr",,Inte betalat faktura på länge,,Canceled,,,,,,
69,MyNicco (US),US,mynicco.com,Premium,"15,000.00 kr",,sänkt budget,,Active,,1. mynicco.com,1. nicotine pouches,,FALSE,
70,Nbi Nordic Beauty Import Oy,FI,godies.fi,Premium,"15,000.00 kr",,,,Canceled,,,,,,
71,Nordic Knots,US,nordicknots.com/us,Premium,"32,500.00 kr",,"https://nordicknots.com/us/curtains/sheer
https://nordicknots.com/us/curtains/light-filtering
https://nordicknots.com/us/curtains/room-darkening
https://nordicknots.com/us/curtains/blackout",,Active,,"1. nordicknots.com/us/rugs
2. nordicknots.com/us/custom-rugs","1. rugs, area rugs, rug
2. custom rugs, custom sized rugs, custom size rugs",https://lookerstudio.google.com/reporting/00eb2aec-81ca-4ccd-b7f0-3b6b26bb373b,TRUE,
113,NorthTracker,SE,https://www.northtracker.com/,Premium,"10,000.00 kr",,,,Active,Jacob,1. https://www.northtracker.com/korjournal/,1. Körjournal,,FALSE,
73,Socialcatfish,US,socialcatfish.com,Beställning,-,,Beställer länkar separat,,Canceled,,,,,,
74,Mobot,US,mobot.com,Premium,"20,000.00 kr",,,,Canceled,,,,,,
116,Podoria,SE,bettingsyndikatet.se,Premium,"25,000.00 kr",,,,Active,Jacob,https://bettingsyndikatet.se/,"brand, betting",,FALSE,
76,Purakliniken,SE,purakliniken.se,Premium,"5,000.00 kr",,Kolla vad länkbudget ligger på,,Active,,1. https://www.purakliniken.se/estetisk-tandvard/skalfasader/,1. skalfasader,,FALSE,
77,Rusta,SE,rusta.se,"Premium, Bulk","40,000.00 kr",,mattor & lampor / belysning,,Active,Matilda,"1. https://www.rusta.com/sv-se/hem-och-inredning/mattor
2. https://www.rusta.com/sv-se/hem-och-inredning/belysning","1. Matta / Mattor
2. Lampa/ Lampor/ Belysning",,FALSE,
78,SvenskIPTV,SE,svenskiptv.com,Beställning,"30,000.00 kr",,,,Canceled,,,,,,
79,Säkra rör AB,SE,sakraror.se,"Premium, Bulk","10,200.00 kr",,,,Active,Matilda,,,,FALSE,
80,Sesec,SE,Sesec.se,"Premium, Bulk","10,000.00 kr",,ordningsvakt,,Active,Sandahl,1. https://sesec.se/ordningsvakter/,1. Ordningsvakt,,FALSE,
81,Glassfactory,"SE, FI",Glassfactory.se,Premium,"22,000.00 kr",,"stor spegel, spegel med belysning, Juli sista månad",,Canceled,,,,,,
82,Spelklubben,SE,spelklubben.se,Premium,"40,000.00 kr",,"Större fokus mot startsidan i framtiden + höja AS

Samtliga länkar ska gå till index.",,Active,Sandahl,,,,FALSE,
83,Tandea (Haninge),SE,tandea.se/kliniker/haninge,Premium,"8,500.00 kr",,,,Canceled,,,,,,
84,Standupsverige,SE,standupsverige.se,Bulk,"5,000.00 kr",,Säljer även länkar på,,Active,,1. https://standupsverige.se/,stand up stockholm,,FALSE,
85,Startmotor,SE,startmotor.se,"Premium, Bulk","19,000.00 kr",,"startbatteri, generator, AGM batteri, bilbatter",,Active,Matilda,"1. https://www.startmotor.se/fordon/reservdelar-bat/volvo-penta
2. https://www.startmotor.se/batterier/bilbatteri
3. https://www.startmotor.se/batterier/agm-batterier
4. https://www.startmotor.se/fordon/reservdelar-bat/yanmar
5. https://www.startmotor.se/batterier/b%C3%A5tbatteri
6. https://www.startmotor.se/kategori/generatorer
7. https://www.startmotor.se/kategori/startmotorer
8. https://www.startmotor.se/startmotorer/startmotordelar/solenoider
9. https://www.startmotor.se/batterier/startbatterier
10. https://www.startmotor.se/kategori/dynastart","1. volvo penta reservdelar
2. bilbatteri
3. AGM batteri
4. yanmar reservdelar
5. båtbatteri
6. generator
7. startmotor
8. solenoid
9. startbatteri
10. dynastarter",,FALSE,
87,Flygbussarna,SE,flygbussarna.se,Premium,"10,000.00 kr",,stockholm till arlanda,,Canceled,,,,,,
88,Bus4You,SE,bus4you.se,Premium,"8,000.00 kr",,göteborg till oslo,,Canceled,,,,,,
89,Ekonomico,SE,ekonomico.se,Premium,"10,000.00 kr",,,,Canceled,,,,,,
89,Sthlm Physique,SE,massagestockholm.se,Bulk,"3,000.00 kr",,"Eget sheet endast bulk, ampillo",,Active,,1. https://massagestockholm.se/,1. Massage Stockholm,,FALSE,
91,Invozio,SE,invozio.com,Premium,"101,200.00 kr",,"Hög budget första 3 månaderna, lägre kommande månader. Foksu på faktura & fakturering samt brand
https://invozio.com/        Fakturera utan företag
https://invozio.com/fakturera-som-privatperson_egenanstalld        Fakturera som privatperson
https://invozio.com/frilans-konsult-lon-fakturera-utan-foretag        Egenanställning
https://invozio.com/att-jobba-som-frilansare-och-fakturera-utan-fskatt        frilansare
https://invozio.com/frilans-frilansarbete        Frilans",,Canceled,,,,,,
107,Stockholm Rör & VVS,SE,https://stockholms-rorvvs.se/,Premium,"7,000.00 kr",,"VVS lidingö
2. Rörmokare Lidingö
3. Värmepump Lidingö
Sedan vilka ord som helst som leder till bergvärme, luft vatten och från luft värmepump i hela norra Stockholm






",,Canceled,Matilda,"1. https://stockholms-rorvvs.se/
2. https://stockholms-rorvvs.se/varmepumpar-pa-lidingo","1. vvs lidingö, rörmokare lidingö
2. värmepump lidingö",,FALSE,
111,Striveon,US,https://joinstriveon.com/,Premium,"32,000.00 kr",,Striveon keywords,,Active,,,,,FALSE,
93,Supernormal,SE,supernormal.health,"Premium, Bulk","10,000.00 kr",,Medicinsk viktnedgång,,Active,Matilda,1. https://supernormal.health/pages/viktnedgang,1. medicinsk viktnedgång,,FALSE,
94,Sweden Longstay,SE,swedenlongstay.se,"Bulk, Premium","5,000.00 kr",,,,Active,,"1. https://swedenlongstay.se/sv/foretagsbostader
2. https://swedenlongstay.se/sv/foretagsbostader/stockholm/","företagsbostäder
företagsbostäder stockholm",,FALSE,
95,Swedoffice,SE,swedoffice.se,"Premium, Bulk","10,000.00 kr",,Pärmar,,Active,Sandahl,"1. https://www.swedoffice.se/kategori/49902-kopieringspapper
2. https://www.swedoffice.se/kategori/69602-gaffelparm-trarygg
3. https://www.swedoffice.se/","1. kopieringspapper
2. pärmar
3. kontorsmaterial",,FALSE,
96,Tandea,SE,tandea.se,Premium,"12,500.00 kr",,"10.000 i budget, fom mars. Ankare & Målsidor finns i SEO-Kunder / Länk",,Active,Matilda,"1. https://www.tandea.se/kliniker/tandlakare-ostermalm/
2. https://www.tandea.se/kliniker/sodermalm/
3. https://www.tandea.se/tandvard/hollywood-smile/
4. https://www.tandea.se/
5. https://www.tandea.se/tandvard/tandblekning/
6. https://www.tandea.se/tandvard/akut-tandvard-stockholm/","1. tandläkare östermalm
2. tandläkare södermalm
3. hollywood smile
4. tandläkare stockholm
5. tandblekning stockholm
6. akut tandläkare stockholm",,FALSE,
97,Tandlakare.se,SE,tandlakare.se,"Premium, Bulk","20,000.00 kr",,"stockholm, malmö, göteborg",,Active,Sandahl,"1. https://www.tandlakare.se/stad/stockholm/
2. https://www.tandlakare.se/stad/malmo/
3. https://www.tandlakare.se/stad/goteborg/","1. Tandläkare stockholm
2. Tandläkare Malmö
3. Tandläkare Göteborg",,FALSE,
99,Zmarta Finland,FI,zmarta.fi,Premium,"30,000.00 kr",,"lainan kilpailuttaminen - Verkar ha lägst competition men högre sökvolylm
https://www.zmarta.fi/ 

laina kilpailutus - annan variant av ovan, lägre sökvolym, mer konkurrens
https://www.zmarta.fi/ 

lainojen kilpailutus - annan variant av ovan 
https://www.zmarta.fi/ 

Lainavertailu - https://www.zmarta.fi/lainaa-rahaa 
lainaa rahaa - https://www.zmarta.fi/lainaa-rahaa - lägre difficulty men vi ligger på botten av sida 2 just nu.
",,Canceled,,,,,,
100,Bokahandyman,SE,flyttgaranti.se,Premium,"11,000.00 kr",,https://flyttgaranti.se/flytt,,Canceled,,,,,,
101,Flyttgaranti,SE,snickare.online,Premium,"11,000.00 kr",,https://snickare.online/snickare,,Canceled,,,,,,
102,Snickare.online,SE,bokahandyman.se,Premium,"10,000.00 kr",,https://bokahandyman.se/handyman/,,Canceled,,,,,,
102,Technobark,US,technobark.com,Premium,"15,000.00 kr",,Får gratis SEO,,Active,,"1. https://technobark.com/best-gps-dog-fences/
2. https://technobark.com/best-dog-gps-trackers/","1. gps dog fence
2. gps dog collar",,FALSE,
103,Technomeow,US,technomeow.com,Premium,,,,,Active,,1. https://technomeow.com/best-self-cleaning-litter-boxes-this-year/,"1. self cleaning litter box, self cleaning cat litter box",,FALSE,
104,Tiotak,SE,tiotak.se,"Premium, Bulk","10,000.00 kr",,,,Active,,"1. https://tiotak.se
2. https://tiotak.se/byta-tak-maskinhall/","1. takläggare
1. byta tak maskinhall",,FALSE,
105,TKW,SE,tkw.se,Bulk,"3,500.00 kr",,,,Active,,1. tkw.se,1. akustikplattor tak,,FALSE,
106,Tryggbil,SE,tryggbil.se,"Bulk, Beställning","10,000.00 kr",,,,Active,,1. https://tryggbil.se/,"1. bilverkstad tyresö, bilverkstad",,FALSE,
105,Turner.fi,FI,Turner.fi,Premium,"25,000.00 kr",,"autotallin nosto-ovi - €600
nosto-ovi - €1,200
Turner.fi front page - €700
(endast Finland)",,Active,,"1. https://turner.fi/autotallin-ovet-ja-oviremontti/nosto-ovet/
2. https://turner.fi/nopea-nosto-ovi/
3. turner.fi","1. autotallin nosto-ovi
2. nosto-ovi
3. Turner.fi",https://lookerstudio.google.com/reporting/eddcac8f-36be-40a8-9126-b1c5592baeeb,FALSE,
95,Videoslots,"SE, UK",videoslots.com/sv,Premium,"€11,000.00",,"Fokus på casino , €10000 Sverige, €1000 UK - inte poker","Får inte nämna poker
Får inte nämna betting
Fokus på casino",Active,,"https://www.videoslots.com/sv/mobile/
https://www.videoslots.com/sv/mobile/casino/
https://www.videoslots.com/sv/mobile/jackpots/
https://www.videoslots.com/sv/mobile/live-casino/","casino, casino online, online casino, casino på nätet, casinospel, live casino, live casino med riktiga dealers",,TRUE,
114,Villasandudden.se,SE,https://villasandudden.se,Premium,"20,000.00 kr",,,,Active,Matilda,"https://sandudden.se/        
https://sandudden.se/kick-off/ ","1. Sandudden
2. kick off stockholm",,FALSE,
112,Violamilano,US,www.violamilano.com,Premium,"15,000.00 kr",,Violamilano - sökord,,Canceled,,,,,FALSE,
90,Wellio,SE,wellio.se,Premium,"10,000.00 kr",,"vassleprotein, synca alla avdelningar",,Active,Matilda,"1. https://wellio.se/
2. https://wellio.se/produktkategori/vassleprotein/
3. https://wellio.se/produktkategori/kreatin/
4. https://wellio.se/produkt/wellio-sleep/","1. WELLIO kosttillskott
2. vassleprotein
3. kreatin, kreatin monohydrat
4. ZMA",,FALSE,
85,Willabgarden,DE,willabgarden.de,Premium,"25,000.00 kr",,"gewächshaus (bara i tyskland)
Fokus - Stärka index + gewächshaus",,Active,,"1. https://willabgarden.de/
2. https://www.willabgarden.de/gewachshauser/","1. Willabgarden
2. gewächshaus",https://lookerstudio.google.com/reporting/4e0a3f8e-373f-4e68-85f8-a4e0f277d56f,FALSE,
106,Yourgild,US,yougild.com,Premium,"$1,000.00",,"small business insurance, vill läsa igenom cwontent innan publicering",,Active,,1. https://yourgild.com/,"1. small business insurance, Gild Insurance",,FALSE,
114,Zmarta Sverige,SE,zmarta.se,Premium,"75,000.00 kr",,Samla lån - rätt så fria händer,,Active,Jacob,"1. /lana-pengar
2. /lana-pengar/privatlan
","1. Låna pengar
2. Privatlån",,FALSE,
116,T2H Rakkenus,FI,https://www.t2h.fi/,Premium,"16,000.00 kr",,,,Active,,,,,FALSE,
117,Lessworries.com,SE,lessworries.com/sv,Premium,"10,000.00 kr",,,,Active,,,,,FALSE,
118,Vera&John,SE,http://verajohn.se/,Premium,"€4,000.00",,,,Active,,,,,FALSE,
119,Florister I Sverige,SE,https://floristerisverige.se/,Premium,"9,000.00 kr",,,,Active,,,,,FALSE,
120,Mynt.com,SE,https://www.mynt.com/,Premium,"20,000.00 kr",,Engångsbeställning,,Active,Filip,,,,FALSE,
121,Beijerbygg,SE,https://www.beijerbygg.se/,Premium,"25,000.00 kr",,Trall & Golv,,Active,Matilda,"1. https://www.beijerbygg.se/privat/sv/produkter/byggmaterial-traprodukter/traprodukter/trall
2. https://www.beijerbygg.se/privat/sv/produkter/farg-kakel-golv/golv","1. Trall
2. Golv",https://lookerstudio.google.com/u/1/reporting/18fdc074-c874-45e5-a9e0-bad86cd105ea/page/p_9wc7nv7wnd/edit,TRUE,
122,Bildeals.se,SE,bildeals.se,Premium,"9,000.00 kr",,https://docs.google.com/spreadsheets/d/10ftjE0G8KMvQiMJwyXge0mqocwetzBtV/edit?usp=sharing&ouid=108089343302786324724&rtpof=true&sd=true,,Active,Sandahl,,,,TRUE,
123,Nexblue.com,SE,nexblue.com/sv,Premium,"20,000.00 kr",,,,Active,Sandahl,,,,FALSE,
124,posti.se,SE,posti.se,Premium,,,,,Active,,,,,FALSE,
125,dedicatedbrand.com,SE,dedicatedbrand.com,Premium,"15,000.00 kr",,Måste tänka på hur man förhåller sig till hållbart mode med nya EU lagar. ,,Active,Matilda,,,,TRUE,
126,Snusstugan.se,SE,snusstugan.se,Premium,"15,000.00 kr",,,,Active,,inga sponsrade inlägg,,,FALSE,
127,Dannevati Estetik,SE,dannevati-estetik.se,Premium,"7,000.00 kr",,a,,Active,Matilda,,,,FALSE,
128,Medtryck,SE,medtryck.se,Premium,"10,000.00 kr",,Förslag på länkar redan framtaget,,Active,,,,,FALSE,
129,Elskling.se,SE,Elskling.se,Premium,"12,000.00 kr",,,,Active,,,,,FALSE,
130,batterioutlet.se,SE,batterioutlet.se,Premium,"10,000.00 kr",,fokus startsida,,Active,,,,,FALSE,
131,,,,,,,,,,,,,,,
132,,,,,,,,,,,,,,,
133,,,,,,,,,,,,,,,
134,,,,,,,,,,,,,,,
135,,,,,,,,,,,,,,,
136,,,,,,,,,,,,,,,
137,,,,,,,,,,,,,,,
138,,,,,,,,,,,,,,,
139,,,,,,,,,,,,,,,
140,,,,,,,,,,,,,,,
141,,,,,,,,,,,,,,,
142,,,,,,,,,,,,,,,
143,,,,,,,,,,,,,,,
144,,,,,,,,,,,,,,,
145,,,,,,,,,,,,,,,
146,,,,,,,,,,,,,,,
147,,,,,,,,,,,,,,,
148,,,,,,,,,,,,,,,
149,,,,,,,,,,,,,,,
150,,,,,,,,,,,,,,,
151,,,,,,,,,,,,,,,
152,,,,,,,,,,,,,,,
153,,,,,,,,,,,,,,,
154,,,,,,,,,,,,,,,
155,,,,,,,,,,,,,,,
156,,,,,,,,,,,,,,,
157,,,,,,,,,,,,,,,
158,,,,,,,,,,,,,,,
159,,,,,,,,,,,,,,,
160,,,,,,,,,,,,,,,
161,,,,,,,,,,,,,,,
162,,,,,,,,,,,,,,,
163,,,,,,,,,,,,,,,
164,,,,,,,,,,,,,,,
165,,,,,,,,,,,,,,,
166,,,,,,,,,,,,,,,
167,,,,,,,,,,,,,,,
168,,,,,,,,,,,,,,,
169,,,,,,,,,,,,,,,
170,,,,,,,,,,,,,,,
171,,,,,,,,,,,,,,,
172,,,,,,,,,,,,,,,
173,,,,,,,,,,,,,,,
174,,,,,,,,,,,,,,,
175,,,,,,,,,,,,,,,
176,,,,,,,,,,,,,,,
177,,,,,,,,,,,,,,,
178,,,,,,,,,,,,,,,
179,,,,,,,,,,,,,,,
180,,,,,,,,,,,,,,,
181,,,,,,,,,,,,,,,
182,,,,,,,,,,,,,,,
183,,,,,,,,,,,,,,,
184,,,,,,,,,,,,,,,
185,,,,,,,,,,,,,,,
186,,,,,,,,,,,,,,,
187,,,,,,,,,,,,,,,
188,,,,,,,,,,,,,,,
189,,,,,,,,,,,,,,,
190,,,,,,,,,,,,,,,
191,,,,,,,,,,,,,,,
192,,,,,,,,,,,,,,,
193,,,,,,,,,,,,,,,
194,,,,,,,,,,,,,,,
195,,,,,,,,,,,,,,,
196,,,,,,,,,,,,,,,
197,,,,,,,,,,,,,,,
198,,,,,,,,,,,,,,,
199,,,,,,,,,,,,,,,
200,,,,,,,,,,,,,,,
201,,,,,,,,,,,,,,,
202,,,,,,,,,,,,,,,
203,,,,,,,,,,,,,,,
204,,,,,,,,,,,,,,,
205,,,,,,,,,,,,,,,
206,,,,,,,,,,,,,,,
207,,,,,,,,,,,,,,,
208,,,,,,,,,,,,,,,
209,,,,,,,,,,,,,,,
210,,,,,,,,,,,,,,,
211,,,,,,,,,,,,,,,
212,,,,,,,,,,,,,,,
213,,,,,,,,,,,,,,,
214,,,,,,,,,,,,,,,
215,,,,,,,,,,,,,,,
216,,,,,,,,,,,,,,,
217,,,,,,,,,,,,,,,
218,,,,,,,,,,,,,,,
219,,,,,,,,,,,,,,,
220,,,,,,,,,,,,,,,
221,,,,,,,,,,,,,,,
222,,,,,,,,,,,,,,,
223,,,,,,,,,,,,,,,
224,,,,,,,,,,,,,,,
225,,,,,,,,,,,,,,,
226,,,,,,,,,,,,,,,
227,,,,,,,,,,,,,,,
228,,,,,,,,,,,,,,,
229,,,,,,,,,,,,,,,
230,,,,,,,,,,,,,,,
231,,,,,,,,,,,,,,,
232,,,,,,,,,,,,,,,
233,,,,,,,,,,,,,,,
234,,,,,,,,,,,,,,,
235,,,,,,,,,,,,,,,
236,,,,,,,,,,,,,,,
237,,,,,,,,,,,,,,,
238,,,,,,,,,,,,,,,
239,,,,,,,,,,,,,,,
240,,,,,,,,,,,,,,,
241,,,,,,,,,,,,,,,
242,,,,,,,,,,,,,,,
243,,,,,,,,,,,,,,,
244,,,,,,,,,,,,,,,
245,,,,,,,,,,,,,,,
246,,,,,,,,,,,,,,,
247,,,,,,,,,,,,,,,
248,,,,,,,,,,,,,,,
249,,,,,,,,,,,,,,,
250,,,,,,,,,,,,,,,
251,,,,,,,,,,,,,,,
252,,,,,,,,,,,,,,,
253,,,,,,,,,,,,,,,
254,,,,,,,,,,,,,,,
255,,,,,,,,,,,,,,,
256,,,,,,,,,,,,,,,
257,,,,,,,,,,,,,,,
258,,,,,,,,,,,,,,,
259,,,,,,,,,,,,,,,
260,,,,,,,,,,,,,,,
261,,,,,,,,,,,,,,,
262,,,,,,,,,,,,,,,
263,,,,,,,,,,,,,,,
264,,,,,,,,,,,,,,,
265,,,,,,,,,,,,,,,
266,,,,,,,,,,,,,,,
267,,,,,,,,,,,,,,,
268,,,,,,,,,,,,,,,
269,,,,,,,,,,,,,,,
270,,,,,,,,,,,,,,,
271,,,,,,,,,,,,,,,
272,,,,,,,,,,,,,,,
273,,,,,,,,,,,,,,,
274,,,,,,,,,,,,,,,
275,,,,,,,,,,,,,,,
276,,,,,,,,,,,,,,,
277,,,,,,,,,,,,,,,
278,,,,,,,,,,,,,,,
279,,,,,,,,,,,,,,,
280,,,,,,,,,,,,,,,
281,,,,,,,,,,,,,,,
282,,,,,,,,,,,,,,,
283,,,,,,,,,,,,,,,
284,,,,,,,,,,,,,,,
285,,,,,,,,,,,,,,,
286,,,,,,,,,,,,,,,
287,,,,,,,,,,,,,,,
288,,,,,,,,,,,,,,,
289,,,,,,,,,,,,,,,
290,,,,,,,,,,,,,,,
291,,,,,,,,,,,,,,,
292,,,,,,,,,,,,,,,
293,,,,,,,,,,,,,,,
294,,,,,,,,,,,,,,,
295,,,,,,,,,,,,,,,
296,,,,,,,,,,,,,,,
297,,,,,,,,,,,,,,,
298,,,,,,,,,,,,,,,
299,,,,,,,,,,,,,,,
300,,,,,,,,,,,,,,,
301,,,,,,,,,,,,,,,
302,,,,,,,,,,,,,,,
303,,,,,,,,,,,,,,,
304,,,,,,,,,,,,,,,
305,,,,,,,,,,,,,,,
306,,,,,,,,,,,,,,,
307,,,,,,,,,,,,,,,
308,,,,,,,,,,,,,,,
309,,,,,,,,,,,,,,,
310,,,,,,,,,,,,,,,
311,,,,,,,,,,,,,,,
312,,,,,,,,,,,,,,,
313,,,,,,,,,,,,,,,
314,,,,,,,,,,,,,,,
315,,,,,,,,,,,,,,,
316,,,,,,,,,,,,,,,
317,,,,,,,,,,,,,,,
318,,,,,,,,,,,,,,,
319,,,,,,,,,,,,,,,
320,,,,,,,,,,,,,,,
321,,,,,,,,,,,,,,,
322,,,,,,,,,,,,,,,
323,,,,,,,,,,,,,,,
324,,,,,,,,,,,,,,,
325,,,,,,,,,,,,,,,
326,,,,,,,,,,,,,,,
327,,,,,,,,,,,,,,,
328,,,,,,,,,,,,,,,
329,,,,,,,,,,,,,,,
330,,,,,,,,,,,,,,,
331,,,,,,,,,,,,,,,
332,,,,,,,,,,,,,,,
333,,,,,,,,,,,,,,,
334,,,,,,,,,,,,,,,
335,,,,,,,,,,,,,,,
336,,,,,,,,,,,,,,,
337,,,,,,,,,,,,,,,
338,,,,,,,,,,,,,,,
339,,,,,,,,,,,,,,,
340,,,,,,,,,,,,,,,
341,,,,,,,,,,,,,,,
342,,,,,,,,,,,,,,,
343,,,,,,,,,,,,,,,
344,,,,,,,,,,,,,,,
345,,,,,,,,,,,,,,,
346,,,,,,,,,,,,,,,
347,,,,,,,,,,,,,,,
348,,,,,,,,,,,,,,,
349,,,,,,,,,,,,,,,
350,,,,,,,,,,,,,,,
351,,,,,,,,,,,,,,,
352,,,,,,,,,,,,,,,
353,,,,,,,,,,,,,,,
354,,,,,,,,,,,,,,,
355,,,,,,,,,,,,,,,
356,,,,,,,,,,,,,,,
357,,,,,,,,,,,,,,,
358,,,,,,,,,,,,,,,
359,,,,,,,,,,,,,,,
360,,,,,,,,,,,,,,,
361,,,,,,,,,,,,,,,
362,,,,,,,,,,,,,,,
363,,,,,,,,,,,,,,,
364,,,,,,,,,,,,,,,
365,,,,,,,,,,,,,,,
366,,,,,,,,,,,,,,,
367,,,,,,,,,,,,,,,
368,,,,,,,,,,,,,,,
369,,,,,,,,,,,,,,,
370,,,,,,,,,,,,,,,
371,,,,,,,,,,,,,,,
372,,,,,,,,,,,,,,,
373,,,,,,,,,,,,,,,
374,,,,,,,,,,,,,,,
375,,,,,,,,,,,,,,,
376,,,,,,,,,,,,,,,
377,,,,,,,,,,,,,,,
378,,,,,,,,,,,,,,,
379,,,,,,,,,,,,,,,
380,,,,,,,,,,,,,,,
381,,,,,,,,,,,,,,,
382,,,,,,,,,,,,,,,
383,,,,,,,,,,,,,,,
384,,,,,,,,,,,,,,,
385,,,,,,,,,,,,,,,
386,,,,,,,,,,,,,,,
387,,,,,,,,,,,,,,,
388,,,,,,,,,,,,,,,
389,,,,,,,,,,,,,,,
390,,,,,,,,,,,,,,,
391,,,,,,,,,,,,,,,
392,,,,,,,,,,,,,,,
393,,,,,,,,,,,,,,,
394,,,,,,,,,,,,,,,
395,,,,,,,,,,,,,,,
396,,,,,,,,,,,,,,,
397,,,,,,,,,,,,,,,
398,,,,,,,,,,,,,,,
399,,,,,,,,,,,,,,,
400,,,,,,,,,,,,,,,
401,,,,,,,,,,,,,,,
402,,,,,,,,,,,,,,,
403,,,,,,,,,,,,,,,
404,,,,,,,,,,,,,,,
405,,,,,,,,,,,,,,,
406,,,,,,,,,,,,,,,
407,,,,,,,,,,,,,,,
408,,,,,,,,,,,,,,,
409,,,,,,,,,,,,,,,
410,,,,,,,,,,,,,,,
411,,,,,,,,,,,,,,,
412,,,,,,,,,,,,,,,
413,,,,,,,,,,,,,,,
414,,,,,,,,,,,,,,,
415,,,,,,,,,,,,,,,
416,,,,,,,,,,,,,,,
417,,,,,,,,,,,,,,,
418,,,,,,,,,,,,,,,
419,,,,,,,,,,,,,,,
420,,,,,,,,,,,,,,,
421,,,,,,,,,,,,,,,
422,,,,,,,,,,,,,,,
423,,,,,,,,,,,,,,,
424,,,,,,,,,,,,,,,
425,,,,,,,,,,,,,,,
426,,,,,,,,,,,,,,,
427,,,,,,,,,,,,,,,
428,,,,,,,,,,,,,,,
429,,,,,,,,,,,,,,,
430,,,,,,,,,,,,,,,
431,,,,,,,,,,,,,,,
432,,,,,,,,,,,,,,,
433,,,,,,,,,,,,,,,
434,,,,,,,,,,,,,,,
435,,,,,,,,,,,,,,,
436,,,,,,,,,,,,,,,
437,,,,,,,,,,,,,,,
438,,,,,,,,,,,,,,,
439,,,,,,,,,,,,,,,
440,,,,,,,,,,,,,,,
441,,,,,,,,,,,,,,,
442,,,,,,,,,,,,,,,
443,,,,,,,,,,,,,,,
444,,,,,,,,,,,,,,,
445,,,,,,,,,,,,,,,
446,,,,,,,,,,,,,,,
447,,,,,,,,,,,,,,,
448,,,,,,,,,,,,,,,
449,,,,,,,,,,,,,,,
450,,,,,,,,,,,,,,,
451,,,,,,,,,,,,,,,
452,,,,,,,,,,,,,,,
453,,,,,,,,,,,,,,,
454,,,,,,,,,,,,,,,
455,,,,,,,,,,,,,,,
456,,,,,,,,,,,,,,,
457,,,,,,,,,,,,,,,
458,,,,,,,,,,,,,,,
459,,,,,,,,,,,,,,,
460,,,,,,,,,,,,,,,
461,,,,,,,,,,,,,,,
462,,,,,,,,,,,,,,,
463,,,,,,,,,,,,,,,
464,,,,,,,,,,,,,,,
465,,,,,,,,,,,,,,,
466,,,,,,,,,,,,,,,
467,,,,,,,,,,,,,,,
468,,,,,,,,,,,,,,,
469,,,,,,,,,,,,,,,
470,,,,,,,,,,,,,,,
471,,,,,,,,,,,,,,,
472,,,,,,,,,,,,,,,
473,,,,,,,,,,,,,,,
474,,,,,,,,,,,,,,,
475,,,,,,,,,,,,,,,
476,,,,,,,,,,,,,,,
477,,,,,,,,,,,,,,,
478,,,,,,,,,,,,,,,
479,,,,,,,,,,,,,,,
480,,,,,,,,,,,,,,,
481,,,,,,,,,,,,,,,
482,,,,,,,,,,,,,,,
483,,,,,,,,,,,,,,,
484,,,,,,,,,,,,,,,
485,,,,,,,,,,,,,,,
486,,,,,,,,,,,,,,,
487,,,,,,,,,,,,,,,
488,,,,,,,,,,,,,,,
489,,,,,,,,,,,,,,,
490,,,,,,,,,,,,,,,
491,,,,,,,,,,,,,,,
492,,,,,,,,,,,,,,,
493,,,,,,,,,,,,,,,
494,,,,,,,,,,,,,,,
495,,,,,,,,,,,,,,,
496,,,,,,,,,,,,,,,
497,,,,,,,,,,,,,,,
498,,,,,,,,,,,,,,,
499,,,,,,,,,,,,,,,
500,,,,,,,,,,,,,,,
501,,,,,,,,,,,,,,,
502,,,,,,,,,,,,,,,
503,,,,,,,,,,,,,,,
504,,,,,,,,,,,,,,,
505,,,,,,,,,,,,,,,
506,,,,,,,,,,,,,,,
507,,,,,,,,,,,,,,,
508,,,,,,,,,,,,,,,
509,,,,,,,,,,,,,,,
510,,,,,,,,,,,,,,,
511,,,,,,,,,,,,,,,
512,,,,,,,,,,,,,,,
513,,,,,,,,,,,,,,,
514,,,,,,,,,,,,,,,
515,,,,,,,,,,,,,,,
516,,,,,,,,,,,,,,,
517,,,,,,,,,,,,,,,
518,,,,,,,,,,,,,,,
519,,,,,,,,,,,,,,,
520,,,,,,,,,,,,,,,
521,,,,,,,,,,,,,,,
522,,,,,,,,,,,,,,,
523,,,,,,,,,,,,,,,
524,,,,,,,,,,,,,,,
525,,,,,,,,,,,,,,,
526,,,,,,,,,,,,,,,
527,,,,,,,,,,,,,,,
528,,,,,,,,,,,,,,,
529,,,,,,,,,,,,,,,
530,,,,,,,,,,,,,,,
531,,,,,,,,,,,,,,,
532,,,,,,,,,,,,,,,
533,,,,,,,,,,,,,,,
534,,,,,,,,,,,,,,,
535,,,,,,,,,,,,,,,
536,,,,,,,,,,,,,,,
537,,,,,,,,,,,,,,,
538,,,,,,,,,,,,,,,
539,,,,,,,,,,,,,,,
540,,,,,,,,,,,,,,,
541,,,,,,,,,,,,,,,
542,,,,,,,,,,,,,,,
543,,,,,,,,,,,,,,,
544,,,,,,,,,,,,,,,
545,,,,,,,,,,,,,,,
546,,,,,,,,,,,,,,,
547,,,,,,,,,,,,,,,
548,,,,,,,,,,,,,,,
549,,,,,,,,,,,,,,,
550,,,,,,,,,,,,,,,
551,,,,,,,,,,,,,,,
552,,,,,,,,,,,,,,,
553,,,,,,,,,,,,,,,
554,,,,,,,,,,,,,,,
555,,,,,,,,,,,,,,,
556,,,,,,,,,,,,,,,
557,,,,,,,,,,,,,,,
558,,,,,,,,,,,,,,,
559,,,,,,,,,,,,,,,
560,,,,,,,,,,,,,,,
561,,,,,,,,,,,,,,,
562,,,,,,,,,,,,,,,
563,,,,,,,,,,,,,,,
564,,,,,,,,,,,,,,,
565,,,,,,,,,,,,,,,
566,,,,,,,,,,,,,,,
567,,,,,,,,,,,,,,,
568,,,,,,,,,,,,,,,
569,,,,,,,,,,,,,,,
570,,,,,,,,,,,,,,,
571,,,,,,,,,,,,,,,
572,,,,,,,,,,,,,,,
573,,,,,,,,,,,,,,,
574,,,,,,,,,,,,,,,
575,,,,,,,,,,,,,,,
576,,,,,,,,,,,,,,,
577,,,,,,,,,,,,,,,
578,,,,,,,,,,,,,,,
579,,,,,,,,,,,,,,,
580,,,,,,,,,,,,,,,
581,,,,,,,,,,,,,,,
582,,,,,,,,,,,,,,,
583,,,,,,,,,,,,,,,
584,,,,,,,,,,,,,,,
585,,,,,,,,,,,,,,,
586,,,,,,,,,,,,,,,
587,,,,,,,,,,,,,,,
588,,,,,,,,,,,,,,,
589,,,,,,,,,,,,,,,
590,,,,,,,,,,,,,,,
591,,,,,,,,,,,,,,,
592,,,,,,,,,,,,,,,
593,,,,,,,,,,,,,,,
594,,,,,,,,,,,,,,,
595,,,,,,,,,,,,,,,
596,,,,,,,,,,,,,,,
597,,,,,,,,,,,,,,,
598,,,,,,,,,,,,,,,
599,,,,,,,,,,,,,,,
600,,,,,,,,,,,,,,,
601,,,,,,,,,,,,,,,
602,,,,,,,,,,,,,,,
603,,,,,,,,,,,,,,,
604,,,,,,,,,,,,,,,
605,,,,,,,,,,,,,,,
606,,,,,,,,,,,,,,,
607,,,,,,,,,,,,,,,
608,,,,,,,,,,,,,,,
609,,,,,,,,,,,,,,,
610,,,,,,,,,,,,,,,
611,,,,,,,,,,,,,,,
612,,,,,,,,,,,,,,,
613,,,,,,,,,,,,,,,
614,,,,,,,,,,,,,,,
615,,,,,,,,,,,,,,,
616,,,,,,,,,,,,,,,
617,,,,,,,,,,,,,,,
618,,,,,,,,,,,,,,,
619,,,,,,,,,,,,,,,
620,,,,,,,,,,,,,,,
621,,,,,,,,,,,,,,,
622,,,,,,,,,,,,,,,
623,,,,,,,,,,,,,,,
624,,,,,,,,,,,,,,,
625,,,,,,,,,,,,,,,
626,,,,,,,,,,,,,,,
627,,,,,,,,,,,,,,,
628,,,,,,,,,,,,,,,
629,,,,,,,,,,,,,,,
630,,,,,,,,,,,,,,,
631,,,,,,,,,,,,,,,
632,,,,,,,,,,,,,,,
633,,,,,,,,,,,,,,,
634,,,,,,,,,,,,,,,
635,,,,,,,,,,,,,,,
636,,,,,,,,,,,,,,,
637,,,,,,,,,,,,,,,
638,,,,,,,,,,,,,,,
639,,,,,,,,,,,,,,,
640,,,,,,,,,,,,,,,
641,,,,,,,,,,,,,,,
642,,,,,,,,,,,,,,,
643,,,,,,,,,,,,,,,
644,,,,,,,,,,,,,,,
645,,,,,,,,,,,,,,,
646,,,,,,,,,,,,,,,
647,,,,,,,,,,,,,,,
648,,,,,,,,,,,,,,,
649,,,,,,,,,,,,,,,
650,,,,,,,,,,,,,,,
651,,,,,,,,,,,,,,,
652,,,,,,,,,,,,,,,
653,,,,,,,,,,,,,,,
654,,,,,,,,,,,,,,,
655,,,,,,,,,,,,,,,
656,,,,,,,,,,,,,,,
657,,,,,,,,,,,,,,,
658,,,,,,,,,,,,,,,
659,,,,,,,,,,,,,,,
660,,,,,,,,,,,,,,,
661,,,,,,,,,,,,,,,
662,,,,,,,,,,,,,,,
663,,,,,,,,,,,,,,,
664,,,,,,,,,,,,,,,
665,,,,,,,,,,,,,,,
666,,,,,,,,,,,,,,,
667,,,,,,,,,,,,,,,
668,,,,,,,,,,,,,,,
669,,,,,,,,,,,,,,,
670,,,,,,,,,,,,,,,
671,,,,,,,,,,,,,,,
672,,,,,,,,,,,,,,,
673,,,,,,,,,,,,,,,
674,,,,,,,,,,,,,,,
675,,,,,,,,,,,,,,,
676,,,,,,,,,,,,,,,
677,,,,,,,,,,,,,,,
678,,,,,,,,,,,,,,,
679,,,,,,,,,,,,,,,
680,,,,,,,,,,,,,,,
681,,,,,,,,,,,,,,,
682,,,,,,,,,,,,,,,
683,,,,,,,,,,,,,,,
684,,,,,,,,,,,,,,,
685,,,,,,,,,,,,,,,
686,,,,,,,,,,,,,,,
687,,,,,,,,,,,,,,,
688,,,,,,,,,,,,,,,
689,,,,,,,,,,,,,,,
690,,,,,,,,,,,,,,,
691,,,,,,,,,,,,,,,
692,,,,,,,,,,,,,,,
693,,,,,,,,,,,,,,,
694,,,,,,,,,,,,,,,
695,,,,,,,,,,,,,,,
696,,,,,,,,,,,,,,,
697,,,,,,,,,,,,,,,
698,,,,,,,,,,,,,,,
699,,,,,,,,,,,,,,,
700,,,,,,,,,,,,,,,
701,,,,,,,,,,,,,,,
702,,,,,,,,,,,,,,,
703,,,,,,,,,,,,,,,
704,,,,,,,,,,,,,,,
705,,,,,,,,,,,,,,,
706,,,,,,,,,,,,,,,
707,,,,,,,,,,,,,,,
708,,,,,,,,,,,,,,,
709,,,,,,,,,,,,,,,
710,,,,,,,,,,,,,,,
711,,,,,,,,,,,,,,,
712,,,,,,,,,,,,,,,
713,,,,,,,,,,,,,,,
714,,,,,,,,,,,,,,,
715,,,,,,,,,,,,,,,
716,,,,,,,,,,,,,,,
717,,,,,,,,,,,,,,,
718,,,,,,,,,,,,,,,
719,,,,,,,,,,,,,,,
720,,,,,,,,,,,,,,,
721,,,,,,,,,,,,,,,
722,,,,,,,,,,,,,,,
723,,,,,,,,,,,,,,,
724,,,,,,,,,,,,,,,
725,,,,,,,,,,,,,,,
726,,,,,,,,,,,,,,,
727,,,,,,,,,,,,,,,
728,,,,,,,,,,,,,,,
729,,,,,,,,,,,,,,,
730,,,,,,,,,,,,,,,
731,,,,,,,,,,,,,,,
732,,,,,,,,,,,,,,,
733,,,,,,,,,,,,,,,
734,,,,,,,,,,,,,,,
735,,,,,,,,,,,,,,,
736,,,,,,,,,,,,,,,
737,,,,,,,,,,,,,,,
738,,,,,,,,,,,,,,,
739,,,,,,,,,,,,,,,
740,,,,,,,,,,,,,,,
741,,,,,,,,,,,,,,,
742,,,,,,,,,,,,,,,
743,,,,,,,,,,,,,,,
744,,,,,,,,,,,,,,,
745,,,,,,,,,,,,,,,
746,,,,,,,,,,,,,,,
747,,,,,,,,,,,,,,,
748,,,,,,,,,,,,,,,
749,,,,,,,,,,,,,,,
750,,,,,,,,,,,,,,,
751,,,,,,,,,,,,,,,
752,,,,,,,,,,,,,,,
753,,,,,,,,,,,,,,,
754,,,,,,,,,,,,,,,
755,,,,,,,,,,,,,,,
756,,,,,,,,,,,,,,,
757,,,,,,,,,,,,,,,
758,,,,,,,,,,,,,,,
759,,,,,,,,,,,,,,,
760,,,,,,,,,,,,,,,
761,,,,,,,,,,,,,,,
762,,,,,,,,,,,,,,,
763,,,,,,,,,,,,,,,
764,,,,,,,,,,,,,,,
765,,,,,,,,,,,,,,,
766,,,,,,,,,,,,,,,
767,,,,,,,,,,,,,,,
768,,,,,,,,,,,,,,,
769,,,,,,,,,,,,,,,
770,,,,,,,,,,,,,,,
771,,,,,,,,,,,,,,,
772,,,,,,,,,,,,,,,
773,,,,,,,,,,,,,,,
774,,,,,,,,,,,,,,,
775,,,,,,,,,,,,,,,
776,,,,,,,,,,,,,,,
777,,,,,,,,,,,,,,,
778,,,,,,,,,,,,,,,
779,,,,,,,,,,,,,,,
780,,,,,,,,,,,,,,,
781,,,,,,,,,,,,,,,
782,,,,,,,,,,,,,,,
783,,,,,,,,,,,,,,,
784,,,,,,,,,,,,,,,
785,,,,,,,,,,,,,,,
786,,,,,,,,,,,,,,,
787,,,,,,,,,,,,,,,
788,,,,,,,,,,,,,,,
789,,,,,,,,,,,,,,,
790,,,,,,,,,,,,,,,
791,,,,,,,,,,,,,,,
792,,,,,,,,,,,,,,,
793,,,,,,,,,,,,,,,
794,,,,,,,,,,,,,,,
795,,,,,,,,,,,,,,,
796,,,,,,,,,,,,,,,
797,,,,,,,,,,,,,,,
798,,,,,,,,,,,,,,,
799,,,,,,,,,,,,,,,
800,,,,,,,,,,,,,,,
801,,,,,,,,,,,,,,,
802,,,,,,,,,,,,,,,
803,,,,,,,,,,,,,,,
804,,,,,,,,,,,,,,,
805,,,,,,,,,,,,,,,
806,,,,,,,,,,,,,,,
807,,,,,,,,,,,,,,,
808,,,,,,,,,,,,,,,
809,,,,,,,,,,,,,,,
810,,,,,,,,,,,,,,,
811,,,,,,,,,,,,,,,
812,,,,,,,,,,,,,,,
813,,,,,,,,,,,,,,,
814,,,,,,,,,,,,,,,
815,,,,,,,,,,,,,,,
816,,,,,,,,,,,,,,,
817,,,,,,,,,,,,,,,
818,,,,,,,,,,,,,,,
819,,,,,,,,,,,,,,,
820,,,,,,,,,,,,,,,
821,,,,,,,,,,,,,,,
822,,,,,,,,,,,,,,,
823,,,,,,,,,,,,,,,
824,,,,,,,,,,,,,,,
825,,,,,,,,,,,,,,,
826,,,,,,,,,,,,,,,
827,,,,,,,,,,,,,,,
828,,,,,,,,,,,,,,,
829,,,,,,,,,,,,,,,
830,,,,,,,,,,,,,,,
831,,,,,,,,,,,,,,,
832,,,,,,,,,,,,,,,
833,,,,,,,,,,,,,,,
834,,,,,,,,,,,,,,,
835,,,,,,,,,,,,,,,
836,,,,,,,,,,,,,,,
837,,,,,,,,,,,,,,,
838,,,,,,,,,,,,,,,
839,,,,,,,,,,,,,,,
840,,,,,,,,,,,,,,,
841,,,,,,,,,,,,,,,
842,,,,,,,,,,,,,,,
843,,,,,,,,,,,,,,,
844,,,,,,,,,,,,,,,
845,,,,,,,,,,,,,,,
846,,,,,,,,,,,,,,,
847,,,,,,,,,,,,,,,
848,,,,,,,,,,,,,,,
849,,,,,,,,,,,,,,,
850,,,,,,,,,,,,,,,
851,,,,,,,,,,,,,,,
852,,,,,,,,,,,,,,,
853,,,,,,,,,,,,,,,
854,,,,,,,,,,,,,,,
855,,,,,,,,,,,,,,,
856,,,,,,,,,,,,,,,
857,,,,,,,,,,,,,,,
858,,,,,,,,,,,,,,,
859,,,,,,,,,,,,,,,
860,,,,,,,,,,,,,,,
861,,,,,,,,,,,,,,,
862,,,,,,,,,,,,,,,
863,,,,,,,,,,,,,,,
864,,,,,,,,,,,,,,,
865,,,,,,,,,,,,,,,
866,,,,,,,,,,,,,,,
867,,,,,,,,,,,,,,,
868,,,,,,,,,,,,,,,
869,,,,,,,,,,,,,,,
870,,,,,,,,,,,,,,,
871,,,,,,,,,,,,,,,
872,,,,,,,,,,,,,,,
873,,,,,,,,,,,,,,,
874,,,,,,,,,,,,,,,
875,,,,,,,,,,,,,,,
876,,,,,,,,,,,,,,,
877,,,,,,,,,,,,,,,
878,,,,,,,,,,,,,,,
879,,,,,,,,,,,,,,,
880,,,,,,,,,,,,,,,
881,,,,,,,,,,,,,,,
882,,,,,,,,,,,,,,,
883,,,,,,,,,,,,,,,
884,,,,,,,,,,,,,,,
885,,,,,,,,,,,,,,,
886,,,,,,,,,,,,,,,
887,,,,,,,,,,,,,,,
888,,,,,,,,,,,,,,,
889,,,,,,,,,,,,,,,
890,,,,,,,,,,,,,,,
891,,,,,,,,,,,,,,,
892,,,,,,,,,,,,,,,
893,,,,,,,,,,,,,,,
894,,,,,,,,,,,,,,,
895,,,,,,,,,,,,,,,
896,,,,,,,,,,,,,,,
897,,,,,,,,,,,,,,,
898,,,,,,,,,,,,,,,
899,,,,,,,,,,,,,,,
900,,,,,,,,,,,,,,,
901,,,,,,,,,,,,,,,
902,,,,,,,,,,,,,,,
903,,,,,,,,,,,,,,,
904,,,,,,,,,,,,,,,
905,,,,,,,,,,,,,,,
906,,,,,,,,,,,,,,,
907,,,,,,,,,,,,,,,
908,,,,,,,,,,,,,,,
909,,,,,,,,,,,,,,,
910,,,,,,,,,,,,,,,
911,,,,,,,,,,,,,,,
912,,,,,,,,,,,,,,,
913,,,,,,,,,,,,,,,
914,,,,,,,,,,,,,,,
915,,,,,,,,,,,,,,,
916,,,,,,,,,,,,,,,
917,,,,,,,,,,,,,,,
918,,,,,,,,,,,,,,,
919,,,,,,,,,,,,,,,
920,,,,,,,,,,,,,,,
921,,,,,,,,,,,,,,,
922,,,,,,,,,,,,,,,
923,,,,,,,,,,,,,,,
924,,,,,,,,,,,,,,,
925,,,,,,,,,,,,,,,
926,,,,,,,,,,,,,,,
927,,,,,,,,,,,,,,,
928,,,,,,,,,,,,,,,
929,,,,,,,,,,,,,,,
930,,,,,,,,,,,,,,,
931,,,,,,,,,,,,,,,
932,,,,,,,,,,,,,,,
933,,,,,,,,,,,,,,,
934,,,,,,,,,,,,,,,
935,,,,,,,,,,,,,,,
936,,,,,,,,,,,,,,,
937,,,,,,,,,,,,,,,
938,,,,,,,,,,,,,,,
939,,,,,,,,,,,,,,,
940,,,,,,,,,,,,,,,
941,,,,,,,,,,,,,,,
942,,,,,,,,,,,,,,,
943,,,,,,,,,,,,,,,
944,,,,,,,,,,,,,,,
945,,,,,,,,,,,,,,,
946,,,,,,,,,,,,,,,
947,,,,,,,,,,,,,,,
948,,,,,,,,,,,,,,,
949,,,,,,,,,,,,,,,
950,,,,,,,,,,,,,,,
951,,,,,,,,,,,,,,,
952,,,,,,,,,,,,,,,
953,,,,,,,,,,,,,,,
954,,,,,,,,,,,,,,,
955,,,,,,,,,,,,,,,
956,,,,,,,,,,,,,,,
957,,,,,,,,,,,,,,,
958,,,,,,,,,,,,,,,
959,,,,,,,,,,,,,,,
960,,,,,,,,,,,,,,,
961,,,,,,,,,,,,,,,
962,,,,,,,,,,,,,,,
963,,,,,,,,,,,,,,,
964,,,,,,,,,,,,,,,
965,,,,,,,,,,,,,,,
966,,,,,,,,,,,,,,,
967,,,,,,,,,,,,,,,
968,,,,,,,,,,,,,,,
969,,,,,,,,,,,,,,,
970,,,,,,,,,,,,,,,
971,,,,,,,,,,,,,,,
972,,,,,,,,,,,,,,,
973,,,,,,,,,,,,,,,
974,,,,,,,,,,,,,,,
975,,,,,,,,,,,,,,,
976,,,,,,,,,,,,,,,
977,,,,,,,,,,,,,,,
978,,,,,,,,,,,,,,,
979,,,,,,,,,,,,,,,
980,,,,,,,,,,,,,,,
981,,,,,,,,,,,,,,,
982,,,,,,,,,,,,,,,
983,,,,,,,,,,,,,,,
984,,,,,,,,,,,,,,,
985,,,,,,,,,,,,,,,
986,,,,,,,,,,,,,,,
987,,,,,,,,,,,,,,,
988,,,,,,,,,,,,,,,